activemodel.attributes.constraint.subject_id,Topic,Suġġett,,
activemodel.attributes.meeting.cofe_charter_html,"I agree to the <a href=""%{url}"" target=""_blank"">charter</a> of the Conference on the Future of Europe","Naqbel mal- <a href=""%{url}"" target=""_blank"">karta</a> tal-Konferenza dwar il-Futur tal-Ewropa",,
activemodel.models.decidim/meetings/upcoming_meeting_event,Upcoming event,Avveniment li ġej,,
activerecord.models.decidim/meetings/meeting.one,Event,Avveniment,,
activerecord.models.decidim/meetings/meeting.few,Events,Avvenimenti,,
activerecord.models.decidim/meetings/meeting.many,Events,Avvenimenti,,
activerecord.models.decidim/meetings/meeting.other,Events,Avvenimenti,,
activerecord.models.decidim/participatory_process.one,Topic,Suġġett,,
activerecord.models.decidim/participatory_process.few,Topics,Suġġetti,,
activerecord.models.decidim/participatory_process.many,Topics,Suġġetti,,
activerecord.models.decidim/participatory_process.other,Topics,Suġġetti,,
decidim.components.meetings.name,Events,Avvenimenti,,
decidim.components.meetings.settings.global.cofe_charter_url,COFE charter URL,URL tal-karta tal-COFE,,
decidim.meetings.actions.new,New event,Avveniment ġdid,,
decidim.meetings.content_blocks.upcoming_events.upcoming_events,Upcoming events,Avvenimenti li ġejjin,,
decidim.meetings.directory.meetings.index.meetings,Events,Avvenimenti,,
decidim.meetings.meetings.count.meetings_count.one,%{count} event,%{count} avveniment,,
decidim.meetings.meetings.count.meetings_count.few,%{count} events,%{count} avvenimenti,,
decidim.meetings.meetings.count.meetings_count.many,%{count} events,%{count} avvenimenti,,
decidim.meetings.meetings.count.meetings_count.other,%{count} events,%{count} avvenimenti,,
decidim.meetings.meetings.form.create_as,Organise event as,Organizza l-avveniment bħala,,
decidim.meetings.meetings.index.new_meeting,New event,Avveniment ġdid,,
decidim.meetings.meetings.new.title,Organise Your Event,Organizza l-Avveniment Tiegħek,,
decidim.meetings.models.meeting.fields.official_meeting,Official event,Avveniment uffiċjali,,
decidim.menu.help,About the Conference,Dwar il-Konferenza,,
decidim.menu.processes,Topics,Suġġetti,,
decidim.menu_overwrite.citizens_panels,Citizens panels,Bordijiet taċ-ċittadini,,
decidim.menu_overwrite.events,Events,Avvenimenti,,
decidim.menu_overwrite.plenaries,Plenaries,Plenarji,,
decidim.menu_overwrite.topics,Topics,Suġġetti,,
decidim.metrics.meetings.object,events,avvenimenti,,
decidim.metrics.meetings.title,Events,Avvenimenti,,
decidim.pages.home.extended.meetings,Events,Avvenimenti,,
decidim.pages.home.statistics.meetings_count,Events,Avvenimenti,,
decidim.pages.home.statistics.processes_count,Topics,Suġġetti,,
decidim.pages.home.statistics.proposals_count,Ideas,Ideat,,
decidim.pages.index.title,About the Conference,Dwar il-Konferenza,,
decidim.participatory_processes.index.title,Topics,Suġġetti,,
decidim.participatory_processes.last_activity.new_participatory_process,New topic,Suġġett ġdid,,
decidim.participatory_processes.pages.home.highlighted_processes.active_processes,Topics,Suġġetti,,
decidim.participatory_processes.pages.home.highlighted_processes.see_all_processes,See all topics,Ara s-suġġetti kollha,,
decidim.participatory_processes.participatory_process_groups.highlighted_meetings.past_meetings,Past events,Avvenimenti passati,,
decidim.participatory_processes.participatory_process_groups.highlighted_meetings.upcoming_meetings,Upcoming events,Avvenimenti li jmiss,,
decidim.participatory_processes.participatory_processes.filters.counters.active.one,1 active topic,suġġett wieħed attiv,,
decidim.participatory_processes.participatory_processes.filters.counters.active.few,%{count} active topics,%{count} suġġetti attivi,,
decidim.participatory_processes.participatory_processes.filters.counters.active.many,%{count} active topics,%{count} suġġetti attivi,,
decidim.participatory_processes.participatory_processes.filters.counters.active.other,%{count} active topics,%{count} suġġetti attivi,,
decidim.participatory_processes.participatory_processes.filters.counters.all.one,1 topic,suġġett wieħed,,
decidim.participatory_processes.participatory_processes.filters.counters.all.few,%{count} topics,%{count} suġġetti,,
decidim.participatory_processes.participatory_processes.filters.counters.all.many,%{count} topics,%{count} suġġetti,,
decidim.participatory_processes.participatory_processes.filters.counters.all.other,%{count} topics,%{count} suġġetti,,
decidim.participatory_processes.participatory_processes.filters.counters.past.one,1 past topic,suġġett passat wieħed,,
decidim.participatory_processes.participatory_processes.filters.counters.past.few,%{count} past topics,%{count} suġġetti passati,,
decidim.participatory_processes.participatory_processes.filters.counters.past.many,%{count} past topics,%{count} suġġetti passati,,
decidim.participatory_processes.participatory_processes.filters.counters.past.other,%{count} past topics,%{count} suġġetti passati,,
decidim.participatory_processes.participatory_processes.filters.counters.upcoming.one,1 upcoming topic,suġġett wieħed li jmiss,,
decidim.participatory_processes.participatory_processes.filters.counters.upcoming.few,%{count} upcoming topics,%{count} suġġetti li jmiss,,
decidim.participatory_processes.participatory_processes.filters.counters.upcoming.many,%{count} upcoming topics,%{count} suġġetti li jmiss,,
decidim.participatory_processes.participatory_processes.filters.counters.upcoming.other,%{count} upcoming topics,%{count} suġġetti li jmiss,,
decidim.participatory_processes.participatory_processes.filters.explanations.no_active,No active topics,Ebda suġġett attiv,,
decidim.participatory_processes.statistics.meetings_count,Events,Avvenimenti,,
decidim.participatory_processes.statistics.processes_count,Topics,Suġġetti,,
decidim.participatory_processes.statistics.proposals_count,Ideas,Ideat,,
decidim.participatory_spaces.highlighted_meetings.see_all,See all events (%{count}),Ara l-avvenimenti kollha (%{count}),,
decidim.participatory_spaces.highlighted_meetings.upcoming_meetings,Upcoming events,Avvenimenti li jmiss,,
decidim.participatory_spaces.highlighted_proposals.see_all,See all ideas (%{count}),Ara l-ideat kollha (%{count}),,
decidim.participatory_spaces.upcoming_meeting_for_card.upcoming_meeting,Upcoming event,Avveniment li jmiss,,
decidim.proposals.last_activity.new_proposal_at_html,<span>New idea at %{link}</span>,<span>Idea ġdida fi %{link}</span>,,
decidim.proposals.proposals.count.proposals_count.one,%{count} idea,%{count} idea,,
decidim.proposals.proposals.count.proposals_count.few,%{count} ideas,%{count} ideat,,
decidim.proposals.proposals.count.proposals_count.many,%{count} ideas,%{count} ideat,,
decidim.proposals.proposals.count.proposals_count.other,%{count} ideas,%{count} ideat,,
decidim.proposals.proposals.index.new_proposal,New idea,Idea ġdida,,
decidim.proposals.proposals.index.view_proposal,View idea,Ara l-idea,,
decidim.proposals.proposals.new.title,Share Your Idea,Aqsam l-Idea Tiegħek,,
decidim.proposals.proposals.proposal.view_proposal,View idea,Ara l-idea,,
decidim.proposals.proposals.wizard_aside.back_from_step_1,Back to ideas,Mur lura għall-ideat,,
decidim.proposals.proposals.wizard_aside.back_from_step_2,Back to ideas,Mur lura għall-ideat,,
decidim.proposals.proposals.wizard_aside.info,You are sharing an <strong>idea</strong>.,Qed taqsam <strong>idea</strong>.,,
decidim.proposals.proposals.wizard_steps.step_1,Share your idea,Aqsam l-idea tiegħek,,
decidim.proposals.proposals.wizard_steps.step_4,Publish your idea,Ippubblika l-idea tiegħek,,
decidim.proposals.proposals.wizard_steps.title,Idea sharing steps,Passi biex taqsam l-idea tiegħek,,
decidim.proposals.versions.proposals.back_to_resource,Go back to idea,Mur lura għall-idea,,
devise.omniauth_callbacks.failure,"Could not authenticate you from EU Login because ""%{reason}"".","Ma stajtx tiġi awtentikat(a) mill-EU Login minħabba ""%{reason}"".",,
devise.omniauth_callbacks.success,Successfully authenticated from EU Login account.,Ġejt awtentikat(a) mill-kont tal-EU Login tiegħek,,
layouts.decidim.language_chooser.close,Close,Agħlaq,,
layouts.decidim.language_chooser.select_your_language,Select your language,Agħżel il-lingwa tiegħek,,
layouts.decidim.process_navigation.process_menu_item,About,Dwar,,
layouts.decidim.user.logged_in,Logged in,Illoggjat(a),,
layouts.decidim.user.logged_in_as,Logged in as %{user},Illoggjat(a) bħala %{user},,
activemodel.attributes.result.decidim_accountability_status_id,Status,Status,,
activemodel.attributes.result.progress,Progress,Progress,,
activemodel.attributes.status.progress,Progress,Progress,,
activerecord.models.decidim/accountability/result.one,Result,Riżultat,,
activerecord.models.decidim/accountability/result.few,Results,Riżultati,,
activerecord.models.decidim/accountability/result.many,Results,Riżultati,,
activerecord.models.decidim/accountability/result.other,Results,Riżultati,,
decidim.accountability.actions.preview,Preview,Preview,,
decidim.accountability.models.result.fields.progress,Progress,Progress,,
decidim.accountability.models.result.fields.status,Status,Status,,
decidim.accountability.models.status.fields.progress,Progress,Progress,,
decidim.accountability.results.count.results_count.one,1 result,riżultat wieħed,,
decidim.accountability.results.count.results_count.few,%{count} results,%{count} riżultati,,
decidim.accountability.results.count.results_count.many,%{count} results,%{count} riżultati,,
decidim.accountability.results.count.results_count.other,%{count} results,%{count} riżultati,,
activemodel.attributes.area_type.plural,Plural,Plural,,
activemodel.attributes.id,ID,ID,,
activemodel.attributes.organization.highlight_color,Highlight,Enfasi,,
activemodel.attributes.organization.logo,Logo,Logo,,
activemodel.attributes.organization.omnipresent_banner_url,URL,URL,,
activemodel.attributes.organization.password,Password,Password,,
activemodel.attributes.organization.port,Port,Port,,
activemodel.attributes.scope_type.plural,Plural,Plural,,
activemodel.attributes.static_page.slug,URL slug,slug tal-URL,,
activerecord.attributes.decidim/static_page.slug,URL slug,slug tal-URL,,
activemodel.attributes.assembly.facebook,Facebook,Facebook,,
activemodel.attributes.assembly.github,GitHub,GitHub,,
activemodel.attributes.assembly.hashtag,Hashtag,Hashtag,,
activemodel.attributes.assembly.instagram,Instagram,Instagram,,
activemodel.attributes.assembly.slug,URL slug,slug tal-URL,,
activemodel.attributes.assembly.twitter,Twitter,Twitter,,
activemodel.attributes.assembly.youtube,YouTube,YouTube,,
activemodel.attributes.assembly_user_role.email,Email,Email,,
activerecord.models.decidim/assembly.one,Assembly,Assemblea,,
activerecord.models.decidim/assembly.few,Assemblies,Assemblej,,
activerecord.models.decidim/assembly.many,Assemblies,Assemblej,,
activerecord.models.decidim/assembly.other,Assemblies,Assemblej,,
activerecord.models.decidim/assembly_member.one,Assembly member,Membru tal-assemblea,,
activerecord.models.decidim/assembly_member.few,Assembly members,Membri tal-assemblea,,
activerecord.models.decidim/assembly_member.many,Assembly members,Membri tal-assemblea,,
activerecord.models.decidim/assembly_member.other,Assembly members,Membri tal-assemblea,,
activerecord.models.decidim/assembly_user_role.one,Assembly user role,Rwol tal-utent tal-assemblea,,
activerecord.models.decidim/assembly_user_role.few,Assembly user roles,Rwoli tal-utent tal-assemblea,,
activerecord.models.decidim/assembly_user_role.many,Assembly user roles,Rwoli tal-utent tal-assemblea,,
activerecord.models.decidim/assembly_user_role.other,Assembly user roles,Rwoli tal-utent tal-assemblea,,
layouts.decidim.assemblies.order_by_assemblies.assemblies.one,%{count} assemblies,%{count} assemblej,,
layouts.decidim.assemblies.order_by_assemblies.assemblies.few,%{count} assemblies,%{count} assemblej,,
layouts.decidim.assemblies.order_by_assemblies.assemblies.many,%{count} assemblies,%{count} assemblej,,
layouts.decidim.assemblies.order_by_assemblies.assemblies.other,%{count} assemblies,%{count} assemblej,,
activerecord.models.decidim/blogs/post.one,Post,Post,,
activerecord.models.decidim/blogs/post.few,Posts,Posts,,
activerecord.models.decidim/blogs/post.many,Posts,Posts,,
activerecord.models.decidim/blogs/post.other,Posts,Posts,,
activerecord.models.decidim/budgets/project.one,Project,Proġett,,
activerecord.models.decidim/budgets/project.few,Projects,Proġetti,,
activerecord.models.decidim/budgets/project.many,Projects,Proġetti,,
activerecord.models.decidim/budgets/project.other,Projects,Proġetti,,
decidim.budgets.actions.preview,Preview,Preview,,
decidim.budgets.projects.budget_excess.ok,OK,OK,,
decidim.budgets.projects.count.projects_count.one,1 project,proġett wieħed,,
decidim.budgets.projects.count.projects_count.few,%{count} projects,%{count} proġetti,,
decidim.budgets.projects.count.projects_count.many,%{count} projects,%{count} proġetti,,
decidim.budgets.projects.count.projects_count.other,%{count} projects,%{count} proġetti,,
decidim.budgets.projects.filters.status,Status,Status,,
decidim.budgets.projects.order_selected_projects.selected_projects.one,project selected,proġett magħżul,,
decidim.budgets.projects.order_selected_projects.selected_projects.few,projects selected,proġetti magħżula,,
decidim.budgets.projects.order_selected_projects.selected_projects.many,projects selected,proġetti magħżula,,
decidim.budgets.projects.order_selected_projects.selected_projects.other,projects selected,proġetti magħżula,,
decidim.budgets.projects.project.votes.one,vote,vot,,
decidim.budgets.projects.project.votes.few,votes,voti,,
decidim.budgets.projects.project.votes.many,votes,voti,,
decidim.budgets.projects.project.votes.other,votes,voti,,
activerecord.models.decidim/comments/comment.one,Comment,Kumment,,
activerecord.models.decidim/comments/comment.few,Comments,Kummenti,,
activerecord.models.decidim/comments/comment.many,Comments,Kummenti,,
activerecord.models.decidim/comments/comment.other,Comments,Kummenti,,
activerecord.models.decidim/comments/comment_vote.one,Vote,Vot,,
activerecord.models.decidim/comments/comment_vote.few,Votes,Voti,,
activerecord.models.decidim/comments/comment_vote.many,Votes,Voti,,
activerecord.models.decidim/comments/comment_vote.other,Votes,Voti,,
activemodel.attributes.conference.hashtag,Hashtag,Hashtag,,
activemodel.attributes.conference.slogan,Slogan,Slogan,,
activemodel.attributes.conference.slug,URL slug,slug tal-URL,,
activemodel.attributes.conference_user_role.email,Email,Email,,
activerecord.models.decidim/conference.one,Conference,Konferenza,,
activerecord.models.decidim/conference.few,Conferences,Konferenzi,,
activerecord.models.decidim/conference.many,Conferences,Konferenzi,,
activerecord.models.decidim/conference.other,Conferences,Konferenzi,,
activerecord.models.decidim/conference_speaker.one,Conference speaker,Kelliem tal-konferenza,,
activerecord.models.decidim/conference_speaker.few,Conference speakers,Kelliema tal-konferenza,,
activerecord.models.decidim/conference_speaker.many,Conference speakers,Kelliema tal-konferenza,,
activerecord.models.decidim/conference_speaker.other,Conference speakers,Kelliema tal-konferenza,,
activerecord.models.decidim/conference_user_role.one,Conference user role,Rwol tal-utent tal-konferenza,,
activerecord.models.decidim/conference_user_role.few,Conference user roles,Rwoli tal-utent tal-konferenza,,
activerecord.models.decidim/conference_user_role.many,Conference user roles,Rwoli tal-utent tal-konferenza,,
activerecord.models.decidim/conference_user_role.other,Conference user roles,Rwoli tal-utent tal-konferenza,,
decidim.conferences.conference_program.program_meeting.streaming,Streaming,Streaming,,
decidim.conferences.models.conference_invite.fields.email,Email,Email,,
decidim.conferences.models.conference_invite.fields.status,Status,Status,,
decidim.conferences.models.conference_registration.fields.email,Email,Email,,
decidim.conferences.models.conference_registration.fields.state,Status,Status,,
layouts.decidim.conferences.order_by_conferences.conferences.one,%{count} conference,%{count} konferenza,,
layouts.decidim.conferences.order_by_conferences.conferences.few,%{count} conferences,%{count} konferenzi,,
layouts.decidim.conferences.order_by_conferences.conferences.many,%{count} conferences,%{count} konferenzi,,
layouts.decidim.conferences.order_by_conferences.conferences.other,%{count} conferences,%{count} konferenzi,,
activemodel.attributes.group.avatar,Avatar,Avatar,,
activemodel.attributes.group.email,Email,Email,,
activemodel.attributes.user.password,Password,Password,,
activerecord.attributes.decidim/user.email,Email,Email,,
activerecord.attributes.decidim/user.password,Password,Password,,
activerecord.models.decidim/amendment.one,Amendment,Emenda,,
activerecord.models.decidim/amendment.few,Amendments,Emendi,,
activerecord.models.decidim/amendment.many,Amendments,Emendi,,
activerecord.models.decidim/amendment.other,Amendments,Emendi,,
activerecord.models.decidim/endorsement.one,Endorsement,Approvazzjoni,,
activerecord.models.decidim/endorsement.few,Endorsements,Approvazzjonijiet,,
activerecord.models.decidim/endorsement.many,Endorsements,Approvazzjonijiet,,
activerecord.models.decidim/endorsement.other,Endorsements,Approvazzjonijiet,,
activerecord.models.decidim/user.one,Participant,Parteċipant,,
activerecord.models.decidim/user.few,Participants,Parteċipanti,,
activerecord.models.decidim/user.many,Participants,Parteċipanti,,
activerecord.models.decidim/user.other,Participants,Parteċipanti,,
activerecord.models.decidim/user_group.one,Group,Grupp,,
activerecord.models.decidim/user_group.few,Groups,Gruppi,,
activerecord.models.decidim/user_group.many,Groups,Gruppi,,
activerecord.models.decidim/user_group.other,Groups,Gruppi,,
decidim.amendments.edit_draft.send,Preview,Preview,,
decidim.application.collection.documents.one,Document,Dokument,,
decidim.application.collection.documents.few,Documents,Dokumenti,,
decidim.application.collection.documents.many,Documents,Dokumenti,,
decidim.application.collection.documents.other,Documents,Dokumenti,,
decidim.author.avatar,Avatar,Avatar,,
decidim.author.comments.one,comment,kumment,,
decidim.author.comments.few,comments,kummenti,,
decidim.author.comments.many,comments,kummenti,,
decidim.author.comments.other,comments,kummenti,,
decidim.author.endorsements.one,endorsement,approvazzjoni,,
decidim.author.endorsements.few,endorsements,approvazzjonijiet,,
decidim.author.endorsements.many,endorsements,approvazzjonijiet,,
decidim.author.endorsements.other,endorsements,approvazzjonijiet,,
decidim.authorization_handlers.foo_authorization.fields.bar,Bar,Bar,,
decidim.authorization_handlers.foo_authorization.fields.foo,Foo,Foo,,
decidim.authorization_modals.content.unauthorized.ok,Ok,Ok,,
decidim.collapsible_list.hidden_elements_count.one,and %{count} more,u %{count} aktar,,
decidim.collapsible_list.hidden_elements_count.few,and %{count} more,u %{count} aktar,,
decidim.collapsible_list.hidden_elements_count.many,and %{count} more,u %{count} aktar,,
decidim.collapsible_list.hidden_elements_count.other,and %{count} more,u %{count} aktar,,
decidim.components.dummy.actions.bar,Bar,Bar,,
decidim.components.dummy.actions.foo,Foo,Foo,,
decidim.content_blocks.hero.name,Hero image,Hero image,,
decidim.followers.followers_count.one,%{count} follower,%{count} segwaċi,,
decidim.followers.followers_count.few,%{count} followers,%{count} segwaċi,,
decidim.followers.followers_count.many,%{count} followers,%{count} segwaċi,,
decidim.followers.followers_count.other,%{count} followers,%{count} segwaċi,,
decidim.gamification.badges.index.badge_title,%{name} badge,%{name} badge,,
decidim.gamification.badges.index.title,Badges,Badges,,
decidim.map.static.map_service_brand,OpenStreetMap,OpenStreetMap,,
decidim.menu.help,Help,Għajnuna,,
decidim.pad_iframe.pad,Pad,Pad,,
decidim.pages.home.extended.meetings,Meetings,Laqgħat,,
decidim.pages.home.statistics.meetings_count,Meetings,Laqgħat,,
decidim.pages.home.statistics.processes_count,Processes,Proċessi,,
decidim.pages.home.statistics.proposals_count,Proposals,Proposti,,
decidim.pages.index.title,Help,Għajnuna,,
decidim.profiles.show.badges,Badges,Badges,,
decidim.profiles.sidebar.badges.title,Badges,Badges,,
decidim.searches.results.results.one,%{count} result,%{count} riżultat,,
decidim.searches.results.results.few,%{count} results,%{count} riżultati,,
decidim.searches.results.results.many,%{count} results,%{count} riżultati,,
decidim.searches.results.results.other,%{count} results,%{count} riżultati,,
decidim.shared.confirm_modal.ok,OK,OK,,
devise.omniauth_callbacks.failure,"Could not authenticate you from %{kind} because ""%{reason}"".","Ma stajtx tiġi awtentikat(a) minn %{kind} minħabba ""%{reason}"".",,
devise.omniauth_callbacks.success,Successfully authenticated from %{kind} account.,Ġejt awtentikat(a) mill-kont %{kind}.,,
devise.shared.minimum_password_length.one,(%{count} character minimum),(%{count} karattru minimu),,
devise.shared.minimum_password_length.few,(%{count} characters minimum),(%{count} karattri minimu),,
devise.shared.minimum_password_length.many,(%{count} characters minimum),(%{count} karattri minimu),,
devise.shared.minimum_password_length.other,(%{count} characters minimum),(%{count} karattri minimu),,
errors.messages.not_saved.one,There's been an error processing your request:,Kien hemm żball waqt il-proċess tat-talba tiegħek:,,
errors.messages.not_saved.few,There were multiple errors when processing your request:,Kien hemm diversi żbalji waqt il-proċess tat-talba tiegħek:,,
errors.messages.not_saved.many,There were multiple errors when processing your request:,Kien hemm diversi żbalji waqt il-proċess tat-talba tiegħek:,,
errors.messages.not_saved.other,There were multiple errors when processing your request:,Kien hemm diversi żbalji waqt il-proċess tat-talba tiegħek:,,
forms.length_validator.minimum.one,at least %{count} character,mill-inqas %{count} karattru,,
forms.length_validator.minimum.few,at least %{count} characters,mill-inqas %{count} karattri,,
forms.length_validator.minimum.many,at least %{count} characters,mill-inqas %{count} karattri,,
forms.length_validator.minimum.other,at least %{count} characters,mill-inqas %{count} karattri,,
locale.name,English,Ingliż,,
social_share_button.delicious,Delicious,Delicious,,
social_share_button.douban,Douban,Douban,,
social_share_button.email,Email,Email,,
social_share_button.facebook,Facebook,Facebook,,
social_share_button.google_bookmark,Google Bookmark,Google Bookmark,,
social_share_button.google_plus,Google+,Google+,,
social_share_button.hacker_news,Hacker News,Hacker News,,
social_share_button.linkedin,Linkedin,Linkedin,,
social_share_button.pinterest,Pinterest,Pinterest,,
social_share_button.qq,Qzone,Qzone,,
social_share_button.reddit,Reddit,Reddit,,
social_share_button.telegram,Telegram,Telegram,,
social_share_button.tumblr,Tumblr,Tumblr,,
social_share_button.twitter,Twitter,Twitter,,
social_share_button.vkontakte,Vkontakte,Vkontakte,,
social_share_button.wechat,WeChat,WeChat,,
social_share_button.weibo,Sina Weibo,Sina Weibo,,
social_share_button.whatsapp_app,WhatsApp,WhatsApp,,
social_share_button.whatsapp_web,WhatsApp,WhatsApp,,
social_share_button.xing,Xing,Xing,,
versions.dropdown.option_escaped,Escaped,Escaped,,
versions.dropdown.option_unescaped,Unescaped,Unescaped,,
activerecord.models.decidim/debates/debate.one,Debate,Dibattitu,,
activerecord.models.decidim/debates/debate.few,Debates,Dibattiti,,
activerecord.models.decidim/debates/debate.many,Debates,Dibattiti,,
activerecord.models.decidim/debates/debate.other,Debates,Dibattiti,,
decidim.debates.debates.count.debates_count.one,%{count} debate,%{count} dibattitu,,
decidim.debates.debates.count.debates_count.few,%{count} debates,%{count} dibattiti,,
decidim.debates.debates.count.debates_count.many,%{count} debates,%{count} dibattiti,,
decidim.debates.debates.count.debates_count.other,%{count} debates,%{count} dibattiti,,
decidim.forms.user_answers_serializer.ip_hash,IP Hash,IP Hash,,
activemodel.models.decidim/meetings/upcoming_meeting_event,Upcoming meeting,Laqgħa li jmiss,,
activerecord.models.decidim/meetings/meeting.one,Meeting,Laqgħa,,
activerecord.models.decidim/meetings/meeting.few,Meetings,Laqgħat,,
activerecord.models.decidim/meetings/meeting.many,Meetings,Laqgħat,,
activerecord.models.decidim/meetings/meeting.other,Meetings,Laqgħat,,
activerecord.models.decidim/meetings/minutes.one,Minutes,Minuti,,
activerecord.models.decidim/meetings/minutes.few,Minutes,Minuti,,
activerecord.models.decidim/meetings/minutes.many,Minutes,Minuti,,
activerecord.models.decidim/meetings/minutes.other,Minutes,Minuti,,
activerecord.models.decidim/meetings/registration.one,Registration,Reġistrazzjoni,,
activerecord.models.decidim/meetings/registration.few,Registrations,Reġistrazzjonijiet,,
activerecord.models.decidim/meetings/registration.many,Registrations,Reġistrazzjonijiet,,
activerecord.models.decidim/meetings/registration.other,Registrations,Reġistrazzjonijiet,,
decidim.components.meetings.name,Meetings,Laqgħat,,
decidim.meetings.actions.invalid_destroy.proposals_count.one,The meeting cannot be destroyed because it has %{count} proposal associated to it:,Il-laqgħa ma tistax tinqered minħabba li għandha %{count} proposta assoċjata magħha:,,
decidim.meetings.actions.invalid_destroy.proposals_count.few,The meeting cannot be destroyed because it has %{count} proposals associated to it:,Il-laqgħa ma tistax tinqered minħabba li għandha %{count} proposti assoċjati magħha:,,
decidim.meetings.actions.invalid_destroy.proposals_count.many,The meeting cannot be destroyed because it has %{count} proposals associated to it:,Il-laqgħa ma tistax tinqered minħabba li għandha %{count} proposti assoċjati magħha:,,
decidim.meetings.actions.invalid_destroy.proposals_count.other,The meeting cannot be destroyed because it has %{count} proposals associated to it:,Il-laqgħa ma tistax tinqered minħabba li għandha %{count} proposti assoċajti magħha:,,
decidim.meetings.actions.new,New meeting,Laqgħa ġdida,,
decidim.meetings.actions.preview,Preview,Preview,,
decidim.meetings.content_blocks.upcoming_events.upcoming_events,Upcoming meetings,Laqgħat li jmiss,,
decidim.meetings.directory.meetings.index.meetings,Meetings,Laqgħat,,
decidim.meetings.meetings.count.meetings_count.one,%{count} meeting,%{count} laqgħa,,
decidim.meetings.meetings.count.meetings_count.few,%{count} meetings,%{count} laqgħat,,
decidim.meetings.meetings.count.meetings_count.many,%{count} meetings,%{count} laqgħat,,
decidim.meetings.meetings.count.meetings_count.other,%{count} meetings,%{count} laqgħat,,
decidim.meetings.meetings.form.create_as,Create meeting as,Oħloq laqgħa bħala,,
decidim.meetings.meetings.index.new_meeting,New meeting,Laqgħa ġdida,,
decidim.meetings.meetings.new.title,Create Your Meeting,Oħloq il-Laqgħa Tiegħek,,
decidim.meetings.models.invite.fields.email,Email,Email,,
decidim.meetings.models.invite.fields.status,Status,Status,,
decidim.meetings.models.meeting.fields.official_meeting,Official meeting,Laqgħa uffiċjali,,
decidim.metrics.meetings.object,meetings,laqgħat,,
decidim.metrics.meetings.title,Meetings,Laqgħat,,
decidim.participatory_processes.participatory_process_groups.highlighted_meetings.past_meetings,Past meetings,Laqgħat passati,,
decidim.participatory_processes.participatory_process_groups.highlighted_meetings.upcoming_meetings,Upcoming meetings,Laqgħat li jmiss,,
decidim.participatory_spaces.highlighted_meetings.see_all,See all meetings (%{count}),Ara l-laqgħat kollha (%{count}),,
decidim.participatory_spaces.highlighted_meetings.upcoming_meetings,Upcoming meetings,Laqgħat li jmiss,,
decidim.participatory_spaces.upcoming_meeting_for_card.upcoming_meeting,Upcoming meeting,Laqgħa li jmiss,,
activerecord.models.decidim/pages/page.one,Page,Paġna,,
activerecord.models.decidim/pages/page.few,Pages,Paġni,,
activerecord.models.decidim/pages/page.many,Pages,Paġni,,
activerecord.models.decidim/pages/page.other,Pages,Paġni,,
activemodel.attributes.participatory_process.hashtag,Hashtag,Hashtag,,
activemodel.attributes.participatory_process.slug,URL slug,slug tal-URL,,
activemodel.attributes.participatory_process_user_role.email,Email,Email,,
activerecord.models.decidim/participatory_process.one,Participatory process,Proċess parteċipatorju,,
activerecord.models.decidim/participatory_process.few,Participatory processes,Proċessi parteċipatorji,,
activerecord.models.decidim/participatory_process.many,Participatory processes,Proċessi parteċipatorji,,
activerecord.models.decidim/participatory_process.other,Participatory processes,Proċessi parteċipatorji,,
activerecord.models.decidim/participatory_process_group.one,Participatory process group,Grupp ta' proċess parteċipatorju,,
activerecord.models.decidim/participatory_process_group.few,Participatory process groups,Gruppi ta' proċess parteċipatorju,,
activerecord.models.decidim/participatory_process_group.many,Participatory process groups,Gruppi ta' proċess parteċipatorju,,
activerecord.models.decidim/participatory_process_group.other,Participatory process groups,Gruppi ta' proċess parteċipatorju,,
activerecord.models.decidim/participatory_process_step.one,Phase,Fażi,,
activerecord.models.decidim/participatory_process_step.few,Phases,Fażijiet,,
activerecord.models.decidim/participatory_process_step.many,Phases,Fażijiet,,
activerecord.models.decidim/participatory_process_step.other,Phases,Fażijiet,,
decidim.menu.processes,Processes,Proċessi,,
decidim.participatory_process_groups.show.group_participatory_processes.one,1 process for %{group},proċess wieħed għal %{group},,
decidim.participatory_process_groups.show.group_participatory_processes.few,%{count} processes for %{group},%{count} proċessi għal %{group},,
decidim.participatory_process_groups.show.group_participatory_processes.many,%{count} processes for %{group},%{count} proċessi għal %{group},,
decidim.participatory_process_groups.show.group_participatory_processes.other,%{count} processes for %{group},%{count} proċessi għal %{group},,
decidim.participatory_processes.index.title,Participatory processes,Proċessi parteċipatorji,,
decidim.participatory_processes.last_activity.new_participatory_process,New participatory process,Proċess parteċipatorju ġdid,,
decidim.participatory_processes.pages.home.highlighted_processes.active_processes,Active processes,Proċessi attivi,,
decidim.participatory_processes.pages.home.highlighted_processes.see_all_processes,See all processes,Ara l-proċessi kollha,,
decidim.participatory_processes.participatory_processes.filters.counters.active.one,1 active process,proċess attiv wieħed,,
decidim.participatory_processes.participatory_processes.filters.counters.active.few,%{count} active processes,%{count} proċessi attivi,,
decidim.participatory_processes.participatory_processes.filters.counters.active.many,%{count} active processes,%{count} proċessi attivi,,
decidim.participatory_processes.participatory_processes.filters.counters.active.other,%{count} active processes,%{count} proċessi attivi,,
decidim.participatory_processes.participatory_processes.filters.counters.all.one,1 process,proċess wieħed,,
decidim.participatory_processes.participatory_processes.filters.counters.all.few,%{count} processes,%{count} proċessi,,
decidim.participatory_processes.participatory_processes.filters.counters.all.many,%{count} processes,%{count} proċessi,,
decidim.participatory_processes.participatory_processes.filters.counters.all.other,%{count} processes,%{count} proċessi,,
decidim.participatory_processes.participatory_processes.filters.counters.past.one,1 past process,proċess passat wieħed,,
decidim.participatory_processes.participatory_processes.filters.counters.past.few,%{count} past processes,%{count} proċessi passati,,
decidim.participatory_processes.participatory_processes.filters.counters.past.many,%{count} past processes,%{count} proċessi passati,,
decidim.participatory_processes.participatory_processes.filters.counters.past.other,%{count} past processes,%{count} proċessi passati,,
decidim.participatory_processes.participatory_processes.filters.counters.upcoming.one,1 upcoming process,proċess li jmiss wieħed,,
decidim.participatory_processes.participatory_processes.filters.counters.upcoming.few,%{count} upcoming processes,%{count} proċessi li jmiss,,
decidim.participatory_processes.participatory_processes.filters.counters.upcoming.many,%{count} upcoming processes,%{count} proċessi li jmiss,,
decidim.participatory_processes.participatory_processes.filters.counters.upcoming.other,%{count} upcoming processes,%{count} proċessi li jmiss,,
decidim.participatory_processes.participatory_processes.filters.explanations.no_active,No active processes,Ebda proċess attiv,,
decidim.participatory_processes.statistics.meetings_count,Meetings,Laqgħat,,
decidim.participatory_processes.statistics.processes_count,Processes,Proċessi,,
decidim.participatory_processes.statistics.proposals_count,Proposals,Proposti,,
layouts.decidim.process_navigation.process_menu_item,The process,Il-proċess,,
activerecord.models.decidim/proposals/collaborative_draft.one,Collaborative draft,Abbozz kollaborattiv,,
activerecord.models.decidim/proposals/collaborative_draft.few,Collaborative drafts,Abbozzi kollaborattivi,,
activerecord.models.decidim/proposals/collaborative_draft.many,Collaborative drafts,Abbozzi kollaborattivi,,
activerecord.models.decidim/proposals/collaborative_draft.other,Collaborative drafts,Abbozzi kollaborattivi,,
activerecord.models.decidim/proposals/proposal.one,Proposal,Proposta,,
activerecord.models.decidim/proposals/proposal.few,Proposals,Proposti,,
activerecord.models.decidim/proposals/proposal.many,Proposals,Proposti,,
activerecord.models.decidim/proposals/proposal.other,Proposals,Proposti,,
activerecord.models.decidim/proposals/proposal_note.one,Note,Nota,,
activerecord.models.decidim/proposals/proposal_note.few,Notes,Noti,,
activerecord.models.decidim/proposals/proposal_note.many,Notes,Noti,,
activerecord.models.decidim/proposals/proposal_note.other,Notes,Noti,,
activerecord.models.decidim/proposals/proposal_vote.one,Support,Appoġġ,,
activerecord.models.decidim/proposals/proposal_vote.few,Supports,Appoġġi,,
activerecord.models.decidim/proposals/proposal_vote.many,Supports,Appoġġi,,
activerecord.models.decidim/proposals/proposal_vote.other,Supports,Appoġġi,,
decidim.participatory_spaces.highlighted_proposals.see_all,See all proposals (%{count}),Ara l-proposti kollha (%{count}),,
decidim.proposals.collaborative_drafts.count.drafts_count.one,%{count} collaborative draft,%{count} abbozz kollaborattiv,,
decidim.proposals.collaborative_drafts.count.drafts_count.few,%{count} collaborative drafts,%{count} abbozzi kollaborattivi,,
decidim.proposals.collaborative_drafts.count.drafts_count.many,%{count} collaborative drafts,%{count} abbozzi kollaborattivi,,
decidim.proposals.collaborative_drafts.count.drafts_count.other,%{count} collaborative drafts,%{count} abbozzi kollaborattivi,,
decidim.proposals.collaborative_drafts.filters.state,Status,Status,,
decidim.proposals.collaborative_drafts.show.hidden_authors_count.one,and %{count} more person,u %{count} persuna oħra,,
decidim.proposals.collaborative_drafts.show.hidden_authors_count.few,and %{count} more people,u %{count} persuni oħra,,
decidim.proposals.collaborative_drafts.show.hidden_authors_count.many,and %{count} more people,u %{count} persuni oħra,,
decidim.proposals.collaborative_drafts.show.hidden_authors_count.other,and %{count} more people,u %{count} persuni oħra,,
decidim.proposals.last_activity.new_proposal_at_html,<span>New proposal at %{link}</span>,<span>Proposta ġdida fi %{link}</span>,,
decidim.proposals.models.proposal.fields.id,ID,ID,,
decidim.proposals.models.proposal.fields.state,Status,Status,,
decidim.proposals.proposals.count.proposals_count.one,%{count} proposal,%{count} proposta,,
decidim.proposals.proposals.count.proposals_count.few,%{count} proposals,%{count} proposti,,
decidim.proposals.proposals.count.proposals_count.many,%{count} proposals,%{count} proposti,,
decidim.proposals.proposals.count.proposals_count.other,%{count} proposals,%{count} proposti,,
decidim.proposals.proposals.edit_draft.send,Preview,Preview,,
decidim.proposals.proposals.filters.state,Status,Status,,
decidim.proposals.proposals.index.new_proposal,New proposal,Proposta ġdida,,
decidim.proposals.proposals.index.view_proposal,View proposal,Ara l-proposta,,
decidim.proposals.proposals.linked_proposals.proposal_votes.one,support,appoġġ,,
decidim.proposals.proposals.linked_proposals.proposal_votes.few,supports,appoġġi,,
decidim.proposals.proposals.linked_proposals.proposal_votes.many,supports,appoġġi,,
decidim.proposals.proposals.linked_proposals.proposal_votes.other,supports,appoġġi,,
decidim.proposals.proposals.new.title,Create Your Proposal,Oħloq il-Proposta Tieegħek,,
decidim.proposals.proposals.preview.proposal_edit_before_minutes.one,"You will be able to edit this proposal during the first minute after the proposal is published. Once this time window passes, you will not be able to edit the proposal.","Se tkun tista’ teditja din il-proposta fl-ewwel minuta ta’ wara li l-proposta tiġi ppubblikata. Ladarba dan l-ammont ta’ ħin jgħaddi, ma tkunx tista’ teditja l-proposta.",,
decidim.proposals.proposals.preview.proposal_edit_before_minutes.few,"You will be able to edit this proposal during the first %{count} minutes after the proposal is published. Once this time window passes, you will not be able to edit the proposal.","Se tkun tista’ teditja din il-proposta fl-ewwel %{count} minuti ta' wara li l-proposta tiġi ppubblikata. Ladarba dan l-ammont ta’ ħin jgħaddi, ma tkunx tista’ teditja l-proposta.",,
decidim.proposals.proposals.preview.proposal_edit_before_minutes.many,"You will be able to edit this proposal during the first %{count} minutes after the proposal is published. Once this time window passes, you will not be able to edit the proposal.","Se tkun tista’ teditja din il-proposta fl-ewwel %{count} minuti ta' wara li l-proposta tiġi ppubblikata. Ladarba dan l-ammont ta’ ħin jgħaddi, ma tkunx tista’ teditja l-proposta.",,
decidim.proposals.proposals.preview.proposal_edit_before_minutes.other,"You will be able to edit this proposal during the first %{count} minutes after the proposal is published. Once this time window passes, you will not be able to edit the proposal.","Se tkun tista’ teditja din il-proposta fl-ewwel %{count} minuti ta' wara li l-proposta tiġi ppubblikata. Ladarba dan l-ammont ta’ ħin jgħaddi, ma tkunx tista’ teditja l-proposta.",,
decidim.proposals.proposals.proposal.view_proposal,View proposal,Ara l-proposta,,
decidim.proposals.proposals.show.hidden_endorsers_count.one,and %{count} more person,u %{count} persuna oħra,,
decidim.proposals.proposals.show.hidden_endorsers_count.few,and %{count} more people,u %{count} persuni oħra,,
decidim.proposals.proposals.show.hidden_endorsers_count.many,and %{count} more people,u %{count} persuni oħra,,
decidim.proposals.proposals.show.hidden_endorsers_count.other,and %{count} more people,u %{count} persuni oħra,,
decidim.proposals.proposals.votes_count.count.one,Support,Appoġġ,,
decidim.proposals.proposals.votes_count.count.few,Supports,Appoġġi,,
decidim.proposals.proposals.votes_count.count.many,Supports,Appoġġi,,
decidim.proposals.proposals.votes_count.count.other,Supports,Appoġġi,,
decidim.proposals.proposals.wizard_aside.back_from_step_1,Back to proposals,Mur lura għall-proposti,,
decidim.proposals.proposals.wizard_aside.back_from_step_2,Back to proposals,Mur lura għall-proposti,,
decidim.proposals.proposals.wizard_aside.info,You are creating a <strong>proposal</strong>.,Qed toħloq <strong>proposta</strong>.,,
decidim.proposals.proposals.wizard_steps.step_1,Create your proposal,Oħloq il-proposta tiegħek,,
decidim.proposals.proposals.wizard_steps.step_4,Publish your proposal,Ippubblika l-proposta tiegħek,,
decidim.proposals.proposals.wizard_steps.title,Proposal creation steps,Passi għall-ħolqien tal-proposta,,
decidim.proposals.versions.proposals.back_to_resource,Go back to proposal,Mur lura għall-proposta,,
activerecord.models.decidim/sortitions/sortition.one,Sortition,Għażla bix-xorti,,
activerecord.models.decidim/sortitions/sortition.few,Sortitions,Għażliet bix-xorti,,
activerecord.models.decidim/sortitions/sortition.many,Sortitions,Għażliet bix-xorti,,
activerecord.models.decidim/sortitions/sortition.other,Sortitions,Għażliet bix-xorti,,
decidim.sortitions.sortitions.count.proposals_count.one,1 proposal,proposta waħda,,
decidim.sortitions.sortitions.count.proposals_count.few,%{count} proposals,%{count} proposti,,
decidim.sortitions.sortitions.count.proposals_count.many,%{count} proposals,%{count} proposti,,
decidim.sortitions.sortitions.count.proposals_count.other,%{count} proposals,%{count} proposti,,
decidim.sortitions.sortitions.filters.state,Status,Status,,
decidim.sortitions.sortitions.results_count.count.one,selected proposal,proposta magħżula,,
decidim.sortitions.sortitions.results_count.count.few,selected proposals,proposti magħżula,,
decidim.sortitions.sortitions.results_count.count.many,selected proposals,proposti magħżula,,
decidim.sortitions.sortitions.results_count.count.other,selected proposals,proposti magħżula,,
decidim.sortitions.sortitions.sortition.selected_proposals.one,proposal selected,proposta magħżula,,
decidim.sortitions.sortitions.sortition.selected_proposals.few,proposals selected,proposti magħżula,,
decidim.sortitions.sortitions.sortition.selected_proposals.many,proposals selected,proposti magħżula,,
decidim.sortitions.sortitions.sortition.selected_proposals.other,proposals selected,proposti magħżula,,
decidim.sortitions.sortitions.sortitions_count.count.one,1 sortition,għażla bix-xorti waħda,,
decidim.sortitions.sortitions.sortitions_count.count.few,%{count} sortitions,%{count} għażliet bix-xorti,,
decidim.sortitions.sortitions.sortitions_count.count.many,%{count} sortitions,%{count} għażliet bix-xorti,,
decidim.sortitions.sortitions.sortitions_count.count.other,%{count} sortitions,%{count} għażliet bix-xorti,,
activerecord.models.decidim/surveys/survey.one,Survey,Stħarriġ,,
activerecord.models.decidim/surveys/survey.few,Surveys,Stħarriġiet,,
activerecord.models.decidim/surveys/survey.many,Surveys,Stħarriġiet,,
activerecord.models.decidim/surveys/survey.other,Surveys,Stħarriġiet,,
activerecord.models.decidim/surveys/survey_answer.one,Answer,Tweġiba,,
activerecord.models.decidim/surveys/survey_answer.few,Answers,Tweġibiet,,
activerecord.models.decidim/surveys/survey_answer.many,Answers,Tweġibiet,,
activerecord.models.decidim/surveys/survey_answer.other,Answers,Tweġibiet,,
decidim.system.menu.dashboard,Dashboard,Dashboard,,
decidim.system.organizations.omniauth_settings.twitter.api_key,API key,Ċavetta API,,
decidim.system.titles.dashboard,Dashboard,Dashboard,,
activemodel.attributes.config.offline,Offline,Offline,,
activemodel.attributes.config.online,Online,Online,,
decidim.verifications.dummy_authorization.extra_explanation.postal_codes.one,Participation is restricted to participants with the postal code %{postal_codes}.,Il-parteċipazzjoni hija limitata għall-parteċipanti bil-kodiċi postali %{postal_codes}.,,
decidim.verifications.dummy_authorization.extra_explanation.postal_codes.few,Participation is restricted to participants with any of the following postal codes: %{postal_codes}.,Il-parteċipazzjoni hija limitata għall-parteċipanti bi kwalunkwe waħda minn dawn il-kodiċijiet postali: %{postal_codes}.,,
decidim.verifications.dummy_authorization.extra_explanation.postal_codes.many,Participation is restricted to participants with any of the following postal codes: %{postal_codes}.,Il-parteċipazzjoni hija limitata għall-parteċipanti bi kwalunkwe wieħed minn dawn il-kodiċijiet postali: %{postal_codes}.,,
decidim.verifications.dummy_authorization.extra_explanation.postal_codes.other,Participation is restricted to participants with any of the following postal codes: %{postal_codes}.,Il-parteċipazzjoni hija limitata għall-parteċipanti bi kwalunkwe wieħed minn dawn il-kodiċijiet postali: %{postal_codes}.,,
decidim.verifications.id_documents.authorizations.choose.offline,Offline,Offline,,
decidim.verifications.id_documents.authorizations.choose.online,Online,Online,,
decidim.verifications.id_documents.dni,DNI,DNI,,
decidim.verifications.id_documents.nie,NIE,NIE,,